prune_ratio,test_auc,watermark_auc
0.3,0.891949909917978,0.3241243482529285
