prune_ratio,test_auc,watermark_auc
0.4,0.9100742555796958,0.33466412243547455
