prune_ratio,test_auc,watermark_auc
0.5,0.9088662920650274,0.30406431152119007
