prune_ratio,test_auc,watermark_auc
0.2,0.9155948282495917,0.29330023305754466
