prune_ratio,test_auc,watermark_auc
0.1,0.9380870881347795,0.29611600190196996
