prune_ratio,test_auc,watermark_auc
0.4,0.7913791597519435,0.6236508864211961
