prune_ratio,test_auc,watermark_auc
0.3,0.8012490173814307,0.6688129099292162
