prune_ratio,test_auc,watermark_auc
0.1,0.811490086470434,0.5525943243067731
