prune_ratio,test_auc,watermark_auc
0.5,0.7751331994060617,0.7182739138905123
