prune_ratio,test_auc,watermark_auc
0.2,0.7230980871691851,0.7325540619520748
