prune_ratio,test_auc,watermark_auc
0.3,0.8317538649663725,0.32766830870279146
