prune_ratio,test_auc,watermark_auc
0.1,0.821032404576819,0.5660098522167487
