prune_ratio,test_auc,watermark_auc
0.5,0.7783867586688795,0.28513957307060755
