prune_ratio,test_auc,watermark_auc
0.2,0.7023539173726964,0.46625615763546796
