prune_ratio,test_auc,watermark_auc
0.4,0.7365053716481791,0.3125615763546798
