prune_ratio,test_auc,watermark_auc
0.3,0.9244652867286073,0.2555871059776703
