prune_ratio,test_auc,watermark_auc
0.1,0.9187704956801996,0.25263617254820464
