prune_ratio,test_auc,watermark_auc
0.4,0.9244206571695163,0.24260532729053524
