prune_ratio,test_auc,watermark_auc
0.5,0.8862081169751123,0.3050706392879387
