prune_ratio,test_auc,watermark_auc
0.2,0.9263733857184522,0.2871774338627943
